<?xml version="1.0" encoding="utf-8"?>   
<soapenv:Envelope xmlns:soapenv="http://schemas.xmlsoap.org/soap/envelope/"
  xmlns:urn="urn:partner.soap.sforce.com">
  <soapenv:Header>
     <urn:SessionHeader>
        <urn:sessionId>{@sessionID@}</urn:sessionId>
     </urn:SessionHeader>
  </soapenv:Header>
  <soapenv:Body>
     <urn:create>
        <urn:sObjects>
           <urn:type>X999_JobRecord__c</urn:type>
           <Date__c>{@DATE@}</Date__c>
           <Worker__c>{@WORKER@}</Worker__c>
           <Category1__c>{@CATEGORY1@}</Category1__c>
           <Category2__c>{@CATEGORY2@}</Category2__c>
           <Time__c>{@WORKTIME@}</Time__c>
           <Job__c>{@JOB@}</Job__c>
           <Notes__c>{@NOTES@}</Notes__c>
        </urn:sObjects>
     </urn:create>
  </soapenv:Body>
</soapenv:Envelope>
