<?xml version="1.0" encoding="utf-8"?>   
<soapenv:Envelope xmlns:soapenv="http://schemas.xmlsoap.org/soap/envelope/"
  xmlns:xsd="http://www.w3.org/2001/XMLSchema" xmlns:xsi="http://www.w3.org/2001/XMLSchema-instance">
  <soapenv:Header>
     <ns1:SessionHeader soapenv:mustUnderstand="0" xmlns:ns1="http://soap.sforce.com/2006/04/metadata">
        <ns1:sessionId>{@sessionID@}</ns1:sessionId>
     </ns1:SessionHeader>
  </soapenv:Header>
  <soapenv:Body>
     <create xmlns="http://soap.sforce.com/2006/04/metadata">
         <metadata xsi:type="ns2:CustomField" xmlns:ns2="http://soap.sforce.com/2006/04/metadata">
             {@metadata@}
         </metadata>
     </create>
  </soapenv:Body>
</soapenv:Envelope>

