<?xml version="1.0" encoding="utf-8"?>   
<soapenv:Envelope xmlns:soapenv="http://schemas.xmlsoap.org/soap/envelope/"
  xmlns:urn="urn:partner.soap.sforce.com">
  <soapenv:Header>
     <urn:SessionHeader>
        <urn:sessionId>{@sessionID@}</urn:sessionId>
     </urn:SessionHeader>
  </soapenv:Header>
  <soapenv:Body>
     <urn:setPassword>
        <urn:userId>{@changeuserId@}</urn:userId>
        <urn:password>{@changePassword@}</urn:password>
     </urn:setPassword>
  </soapenv:Body>
</soapenv:Envelope>

