<?xml version="1.0" encoding="UTF-8"?>
<ApexPage xmlns="http://soap.sforce.com/2006/04/metadata">
    <apiVersion>25.0</apiVersion>
    <availableInTouch>false</availableInTouch>
    <confirmationTokenRequired>false</confirmationTokenRequired>
    <description>貿金業務　帳票出力　フォーフェイティング利息報告</description>
    <label>帳票出力　フォーフェイティング利息報告</label>
    <packageVersions>
        <majorNumber>1</majorNumber>
        <minorNumber>49</minorNumber>
        <namespace>SkyEditor2</namespace>
    </packageVersions>
</ApexPage>
