<?xml version="1.0" encoding="UTF-8"?>
<ApexPage xmlns="http://soap.sforce.com/2006/04/metadata">
    <apiVersion>25.0</apiVersion>
    <availableInTouch>false</availableInTouch>
    <confirmationTokenRequired>false</confirmationTokenRequired>
    <description>A102_顧客検索画面（アプリB）</description>
    <label>A102_顧客検索画面（アプリB）</label>
    <packageVersions>
        <majorNumber>1</majorNumber>
        <minorNumber>49</minorNumber>
        <namespace>SkyEditor2</namespace>
    </packageVersions>
</ApexPage>
